dropout,epoch,train_loss,test_loss,train_acc,test_acc,train_f1,test_f1,acc_gap
0.0,1,0.6097532134056092,0.6859505195617676,0.7822,0.749,0.7782989728482202,0.7428709134076618,0.03320000000000001
0.0,2,0.6138427834987641,0.742748761177063,0.7876,0.751,0.7688704874334875,0.7276019565591769,0.036599999999999966
0.0,3,0.46863177819252017,0.5832126417160034,0.8334,0.789,0.8316090304370347,0.7865737587940698,0.044399999999999995
0.0,4,0.4095037811756134,0.5597599515914917,0.8498,0.798,0.8481834362227165,0.7954412654606194,0.05179999999999996
0.0,5,0.37191380829811094,0.5367519221305848,0.8658,0.826,0.8636959642003627,0.822305406438897,0.03980000000000006
0.0,6,0.3443128399848938,0.526658754825592,0.8796,0.827,0.8769079581755662,0.8227340651019883,0.05260000000000009
0.0,7,0.30140251631736753,0.4954440131187439,0.8924,0.839,0.8929177039462782,0.8394498237888506,0.0534
0.0,8,0.33347358784675596,0.5546108675003052,0.8796,0.81,0.8795841981889078,0.8092864350343234,0.0696
0.0,9,0.32071045429706574,0.5613515048027039,0.8802,0.812,0.8797161067074246,0.8114969337668103,0.06819999999999993
0.0,10,0.28475764589309693,0.5458469424247742,0.8972,0.826,0.8970074983081368,0.8251525649035185,0.07120000000000004
0.0,11,0.2713219876289368,0.5489050383567811,0.9014,0.825,0.9037714359747542,0.8275816738357987,0.07640000000000002
0.0,12,0.22638725717067718,0.5389938406944275,0.9172,0.834,0.9174182274715029,0.8338919571439263,0.08320000000000005
0.0,13,0.28393396723270414,0.6135843014717102,0.8864,0.823,0.8842244276188206,0.8191359399851749,0.06340000000000001
0.0,14,0.21284394435882567,0.5567354183197022,0.9196,0.837,0.9175718440484172,0.830424500194751,0.0826
0.0,15,0.2175248677968979,0.5742743945121765,0.9194,0.821,0.9187202678884633,0.8205892988713167,0.09840000000000004
0.0,16,0.20515893139839173,0.6026931195259094,0.9232,0.827,0.9237564325919477,0.8265239067101857,0.09620000000000006
0.0,17,0.2029526069164276,0.5984430470466614,0.9282,0.841,0.9292580302905687,0.8429506971890252,0.08720000000000006
0.0,18,0.16322904872894287,0.619107795715332,0.937,0.833,0.9368773319702388,0.8316364713459189,0.10400000000000009
0.0,19,0.15944616751670837,0.6111904783248902,0.9408,0.836,0.939890257579644,0.829877041110046,0.1048
0.0,20,0.1566495398402214,0.5868129696846008,0.9418,0.843,0.9419343258578807,0.8442904132805744,0.0988
0.0,21,0.19324624660015105,0.653939519405365,0.9202,0.817,0.9164043250813885,0.8052719010373848,0.10320000000000007
0.0,22,0.1495263089299202,0.6685313649177551,0.945,0.839,0.9451520112552967,0.8389854141462347,0.10599999999999998
0.0,23,0.1886188265800476,0.6507205424308777,0.9292,0.835,0.9297563823792652,0.8367159874136897,0.09420000000000006
0.0,24,0.15325974085330962,0.6391552128791809,0.9464,0.838,0.9460591152480948,0.83286399173483,0.10840000000000005
0.0,25,0.11078393300771713,0.5987427444458008,0.9614,0.842,0.9614724656140712,0.8395661919273166,0.11940000000000006
0.0,26,0.12400987938642502,0.6472540721893311,0.9542,0.83,0.9539054605063344,0.8247475609446067,0.12420000000000009
0.0,27,0.11037086583375931,0.6737360291481018,0.96,0.831,0.9598480108886956,0.8277972793197886,0.129
0.0,28,0.1003931464791298,0.71443670129776,0.9628,0.831,0.9629075138584053,0.8291022399497019,0.13180000000000003
0.0,29,0.11907262096405029,0.6470746817588806,0.9544,0.845,0.9542184076820993,0.8450095453950304,0.10940000000000005
0.0,30,0.0819266908288002,0.6775069952011108,0.9698,0.844,0.9695670500281299,0.8398235255397134,0.12580000000000002
0.0,31,0.1075948789358139,0.7652828874588012,0.9566,0.83,0.9563746651877422,0.8271559614542777,0.12660000000000005
0.0,32,0.09344489107131958,0.7596311602592468,0.964,0.845,0.964540320763259,0.8469151052671989,0.119
0.0,33,0.08168803644180297,0.7153978457450867,0.972,0.837,0.9721240494016647,0.8353071441143713,0.135
0.0,34,0.07982486366033555,0.7483332271575928,0.9708,0.846,0.9708322335984538,0.8444832526944097,0.12480000000000002
0.0,35,0.10388549575805664,0.8053673458099365,0.9598,0.829,0.9597098774773494,0.8262553031633775,0.13080000000000003
0.0,36,0.0651238449215889,0.7642443885803223,0.9762,0.855,0.9761891270689974,0.8533474965058663,0.12119999999999997
0.0,37,0.08043655288219452,0.7567316870689392,0.976,0.844,0.9760605206536914,0.8450603253125475,0.132
0.0,38,0.0696573145866394,0.8053763780593872,0.9732,0.831,0.9731305520823724,0.8272761325908441,0.1422
0.0,39,0.06654262962937355,0.784825186252594,0.9734,0.838,0.9730994141566784,0.836409879502731,0.13540000000000008
0.0,40,0.058409978723526004,0.834488009929657,0.9792,0.839,0.9793154313934582,0.8408045548515801,0.1402
0.0,41,0.10063895248174667,0.9109580397605896,0.9622,0.838,0.9619729993409976,0.8417701805616762,0.12420000000000009
0.0,42,0.05471424952745438,0.8805634679794312,0.9822,0.842,0.982178469260029,0.8418744226594909,0.1402
0.0,43,0.062422787618637086,0.82331542634964,0.977,0.838,0.9769755827786426,0.8347247174798558,0.139
0.0,44,0.06411142491102219,0.8704968214035034,0.9754,0.838,0.9754975703104651,0.8376806323646411,0.13740000000000008
0.0,45,0.053137672400474546,0.8688788132667542,0.9802,0.841,0.9803091500967369,0.8389699209739245,0.1392
0.0,46,0.07250395781993867,1.0261407651901244,0.9758,0.839,0.9759555564452487,0.841047992999101,0.13680000000000003
0.0,47,0.08578622472286225,0.9479896755218505,0.9652,0.824,0.9642778041538465,0.8159317269132333,0.1412
0.0,48,0.05971556789875031,0.8743572249412537,0.9772,0.834,0.9773119711361448,0.8341873130872959,0.1432
0.0,49,0.03516456487476826,0.8398677787780762,0.9906,0.849,0.9905960711390283,0.8472509322598555,0.14160000000000006
0.0,50,0.053377947610616684,0.9490703973770142,0.9838,0.844,0.9838271380384466,0.8453098823133681,0.13980000000000004
0.1,1,0.6499363945007324,0.7096788339614868,0.7534,0.736,0.7459857912945751,0.7280272651911646,0.01739999999999997
0.1,2,0.5076854609966278,0.6002445287704468,0.8172,0.777,0.8175835573166843,0.7772468376709132,0.040200000000000014
0.1,3,0.4856398218154907,0.615361686706543,0.8236,0.773,0.8223876002129549,0.7701270429462653,0.05059999999999998
0.1,4,0.4133369302272797,0.5486860461235047,0.8552,0.813,0.857712962929754,0.816772580874706,0.042200000000000015
0.1,5,0.3810590495109558,0.5459765214920044,0.8578,0.804,0.8593324545659883,0.8068737164561327,0.05379999999999996
0.1,6,0.3493772333621979,0.5503635091781616,0.8758,0.809,0.8767754411405729,0.811348504888026,0.06679999999999997
0.1,7,0.36475248084068296,0.5621589493751525,0.8568,0.798,0.8559367469324662,0.7975253398581053,0.05879999999999996
0.1,8,0.3503794394016266,0.5778679418563842,0.8662,0.812,0.8673152001182606,0.8142065494198203,0.054199999999999915
0.1,9,0.3553451669692993,0.5969420990943909,0.8674,0.807,0.8676425561057457,0.8060443258844977,0.0603999999999999
0.1,10,0.2952523316383362,0.5366683592796325,0.894,0.824,0.8958691617797475,0.8283153993624637,0.07000000000000006
0.1,11,0.2915524332523346,0.5156485962867737,0.892,0.822,0.8926699750667744,0.8243700268563302,0.07000000000000006
0.1,12,0.27327235395908356,0.5430953469276428,0.8954,0.829,0.8942012171459144,0.826680800502279,0.06640000000000001
0.1,13,0.22961356644630432,0.5147823390960693,0.9146,0.831,0.9145350497406651,0.8307871819943149,0.08360000000000001
0.1,14,0.2410640455722809,0.5368320841789246,0.9076,0.831,0.907981166200674,0.8315666710171847,0.0766
0.1,15,0.2833737422466278,0.647931176662445,0.8922,0.811,0.8927587973799131,0.8096655850242177,0.08119999999999994
0.1,16,0.21961120431423187,0.5798662104606629,0.921,0.826,0.9191376829053126,0.817863466326676,0.09500000000000008
0.1,17,0.20392402622699737,0.5754323043823242,0.9238,0.832,0.923700713104809,0.8316035631194353,0.09179999999999999
0.1,18,0.2207814678668976,0.608359203338623,0.9188,0.831,0.9185880760432996,0.8288263374442524,0.08779999999999999
0.1,19,0.1920701438188553,0.588846727848053,0.9262,0.841,0.9268308888551289,0.841575665930655,0.08520000000000005
0.1,20,0.25778621575832367,0.6886906757354736,0.9046,0.807,0.9016779974489857,0.7977977037408884,0.09759999999999991
0.1,21,0.20399772539138794,0.6591900267601013,0.919,0.82,0.9180755680257345,0.8125301397424447,0.09900000000000009
0.1,22,0.16989134442806245,0.657352105140686,0.9382,0.831,0.9381093009982877,0.8306840695884299,0.10720000000000007
0.1,23,0.21981486461162567,0.6151833176612854,0.9136,0.823,0.9143512554422012,0.8240665406210012,0.09060000000000001
0.1,24,0.18499677467346193,0.6556300053596497,0.9262,0.821,0.9264566736170213,0.8125608968926883,0.10520000000000007
0.1,25,0.15454387229681016,0.6291554546356202,0.942,0.84,0.9409413855301441,0.8352314629386999,0.10199999999999998
0.1,26,0.13593731893301012,0.607185628414154,0.9506,0.83,0.9506871780953536,0.83088630238856,0.12060000000000004
0.1,27,0.13171006110906602,0.6625423245429992,0.9502,0.826,0.9496998179498151,0.822684648307322,0.12420000000000009
0.1,28,0.1261109938144684,0.6289619207382202,0.9544,0.849,0.954433303012401,0.847054573947403,0.10540000000000005
0.1,29,0.1294799309849739,0.5894180955886841,0.9506,0.843,0.95037988963157,0.8377924870413096,0.10760000000000003
0.1,30,0.1206451474428177,0.6340502209663391,0.9586,0.837,0.9589266591857342,0.8389702453831619,0.12160000000000004
0.1,31,0.13170502610206605,0.6789319930076599,0.9548,0.842,0.9542832954081492,0.8378113691381556,0.11280000000000001
0.1,32,0.11033386026620864,0.6991508221626281,0.959,0.84,0.9588870075311204,0.836098744857955,0.119
0.1,33,0.12394084311723709,0.7287894310951233,0.9538,0.837,0.9537022094815331,0.8378663821967123,0.11680000000000001
0.1,34,0.11072413532733917,0.6442268023490906,0.9638,0.842,0.9638151640773314,0.841202790590588,0.12180000000000002
0.1,35,0.08462397086620331,0.682881986618042,0.9712,0.85,0.9712631391648097,0.8491908905936224,0.12119999999999997
0.1,36,0.18865176599025726,0.8754687724113465,0.9322,0.815,0.931287880231989,0.8086913324814363,0.11720000000000008
0.1,37,0.11193543877601624,0.7310618968009949,0.9596,0.84,0.959910804386858,0.8406923726032476,0.11960000000000004
0.1,38,0.08105903488397598,0.6667469682693481,0.9714,0.85,0.9715688250073409,0.8512858910417231,0.12140000000000006
0.1,39,0.12250783562660217,0.8633907222747803,0.953,0.828,0.95317461950815,0.8211374839950365,0.125
0.1,40,0.12632480031251908,0.6822856211662293,0.9536,0.835,0.9540449641109191,0.8361595184650141,0.11860000000000004
0.1,41,0.10393768999576569,0.8104188485145569,0.9636,0.842,0.9636971322105555,0.841920334940448,0.12160000000000004
0.1,42,0.06789006564617157,0.7850226001739502,0.9784,0.843,0.9783372039858321,0.8414971687662499,0.13540000000000008
0.1,43,0.08942770245075225,0.8395998964309692,0.9636,0.829,0.964166387165843,0.8265627845346207,0.13460000000000005
0.1,44,0.08570388815402985,0.8455724310874939,0.9698,0.832,0.9695768511421029,0.8267255945848342,0.13780000000000003
0.1,45,0.056163078618049624,0.7828743638992309,0.9802,0.851,0.9801745169615609,0.8486440845558858,0.12919999999999998
0.1,46,0.06474499086141586,0.8614750289916993,0.9764,0.84,0.9764186723404278,0.841572105630604,0.13640000000000008
0.1,47,0.05759808885455132,0.8280136404037476,0.9792,0.84,0.9792326056881387,0.8423424449940082,0.1392
0.1,48,0.061703255343437194,0.8754253182411194,0.975,0.835,0.9746721434311677,0.8371236501078598,0.14
0.1,49,0.08186593992710113,0.8702208490371705,0.9674,0.837,0.9675883244287805,0.8352159765816423,0.13040000000000007
0.1,50,0.061979685074090955,0.8510402660369873,0.977,0.831,0.976897123155525,0.8325357729423265,0.14600000000000002
0.25,1,0.6648036876678467,0.7246525902748108,0.7416,0.718,0.7349789593489426,0.7122706243387397,0.023600000000000065
0.25,2,0.5205800691604614,0.5984248313903808,0.8226,0.782,0.8239498190203772,0.7841808015524777,0.04059999999999997
0.25,3,0.4902362359046936,0.6083060178756714,0.822,0.779,0.8216876595289007,0.7786221050417461,0.04299999999999993
0.25,4,0.43062885212898255,0.5547509570121765,0.847,0.799,0.8491442447571392,0.8022841712871844,0.04799999999999993
0.25,5,0.41958020577430727,0.5503555793762207,0.854,0.803,0.8567758804366182,0.8081629621570023,0.050999999999999934
0.25,6,0.38342790141105654,0.5648015122413635,0.8622,0.812,0.8625790843104714,0.8141101370310123,0.05019999999999991
0.25,7,0.38111900296211243,0.5528884110450745,0.8582,0.798,0.8580274511252425,0.7993189431493555,0.06019999999999992
0.25,8,0.3257164194583893,0.5062034630775452,0.8772,0.827,0.8771504560632369,0.8264578901169853,0.05020000000000002
0.25,9,0.37184616465568543,0.5689316735267639,0.8626,0.814,0.8631809617003057,0.8134804654720573,0.04860000000000009
0.25,10,0.3231378855228424,0.5195479354858399,0.8808,0.82,0.8810893609593462,0.8213809091888844,0.060800000000000076
0.25,11,0.3152322020053864,0.5180788969993592,0.8878,0.831,0.8867452546722371,0.8302723932780781,0.05680000000000007
0.25,12,0.2896742815732956,0.5331587719917298,0.8942,0.835,0.8922018401288282,0.8312044267897816,0.05920000000000003
0.25,13,0.27030349860191344,0.507653814792633,0.9008,0.829,0.8996449066373875,0.8267429461201864,0.07180000000000009
0.25,14,0.2787062703847885,0.533262499332428,0.897,0.83,0.8957363198513695,0.8274704012037315,0.06700000000000006
0.25,15,0.29863757576942446,0.617637146949768,0.8866,0.812,0.8869117383153755,0.8108361836028377,0.0746
0.25,16,0.3034897313594818,0.6400031428337097,0.8882,0.812,0.8837737744780286,0.8002715505642513,0.07619999999999993
0.25,17,0.2517901614427567,0.5711864080429078,0.901,0.821,0.8989522241876186,0.8172310415350659,0.08000000000000007
0.25,18,0.2306564184188843,0.5340855188369751,0.9148,0.838,0.9145739729003359,0.836722424879575,0.07679999999999998
0.25,19,0.2216936311721802,0.5391401062011719,0.9162,0.834,0.9165439902495377,0.8338660513937676,0.08220000000000005
0.25,20,0.2649544194698334,0.6124536032676697,0.8952,0.822,0.8911993869263135,0.8141653405910461,0.07320000000000004
0.25,21,0.20415791568756103,0.5381046748161316,0.927,0.836,0.9272673693812694,0.8357818754041985,0.09100000000000008
0.25,22,0.23268968935012818,0.6071844782829284,0.9158,0.825,0.914822045087233,0.8225195768242994,0.09079999999999999
0.25,23,0.26857403070926666,0.6006123123168945,0.8924,0.813,0.8907217550573312,0.8105322980996783,0.07940000000000003
0.25,24,0.20570274846553802,0.6099264345169068,0.9198,0.819,0.9198786747732278,0.815546616161656,0.1008
0.25,25,0.17940192611217498,0.5687243995666504,0.9316,0.831,0.931119752975904,0.8292411810403506,0.10060000000000002
0.25,26,0.17817489972114564,0.5618069276809693,0.9302,0.849,0.9301799983757475,0.8482539378096746,0.08120000000000005
0.25,27,0.16556404666900634,0.5835583558082581,0.941,0.836,0.9410290417165902,0.836548019787271,0.10499999999999998
0.25,28,0.16369292688369752,0.6295110416412354,0.9374,0.841,0.9375986289554848,0.8413004941591294,0.09640000000000004
0.25,29,0.16268999388217925,0.5883722286224365,0.9388,0.842,0.9395107262195161,0.8416921488078749,0.0968
0.25,30,0.15637018105983735,0.5645859589576722,0.9452,0.85,0.9458129064217736,0.8509506698605639,0.09520000000000006
0.25,31,0.15749503424167632,0.5658985919952393,0.9424,0.837,0.9423164149662492,0.8341269127413427,0.10540000000000005
0.25,32,0.16524970047473908,0.6063092279434205,0.9366,0.836,0.9366176443211597,0.8342781438890865,0.10060000000000002
0.25,33,0.1535040023803711,0.5866713781356812,0.9434,0.843,0.9434934624402569,0.8435028866722588,0.10040000000000004
0.25,34,0.13143333332538604,0.5941455111503601,0.9528,0.843,0.9529312790619165,0.8417188736630177,0.10980000000000001
0.25,35,0.12469148420095444,0.6015460395812988,0.956,0.856,0.9564153273115007,0.8566414226654153,0.09999999999999998
0.25,36,0.13064613621234894,0.6147093257904053,0.9518,0.837,0.9510631767268547,0.8319516987514044,0.11480000000000001
0.25,37,0.11904107275009156,0.6507683968544007,0.9532,0.843,0.9530397791661718,0.8414057865295446,0.11020000000000008
0.25,38,0.11359008094072343,0.6236910080909729,0.96,0.837,0.9602331254494864,0.8348170408260394,0.123
0.25,39,0.11741777551174164,0.6994329762458801,0.9564,0.833,0.9565193535942406,0.8306043686466392,0.12340000000000007
0.25,40,0.14252976200580597,0.6514712972640991,0.9434,0.831,0.9437475771347399,0.8325184773347003,0.11240000000000006
0.25,41,0.11967189084291457,0.7089270644187927,0.9528,0.838,0.9529935655393039,0.8384808905375684,0.11480000000000001
0.25,42,0.0976380426645279,0.6970092935562133,0.968,0.834,0.9680005230684176,0.8332955194664375,0.134
0.25,43,0.09234744474887847,0.6221547112464905,0.968,0.851,0.968136823046472,0.8515072522417559,0.11699999999999999
0.25,44,0.10136083883047103,0.6963067331314087,0.9622,0.833,0.9621854610079568,0.8313869583794948,0.1292000000000001
0.25,45,0.10666570457220077,0.684366711139679,0.959,0.842,0.9589446082832808,0.8395838584460167,0.11699999999999999
0.25,46,0.09376638222932815,0.6703977227210999,0.9686,0.843,0.9687458289702022,0.8438285615193021,0.12560000000000004
0.25,47,0.09035689189434051,0.6519045572280884,0.9694,0.852,0.9694681584110822,0.8518681608693566,0.11740000000000006
0.25,48,0.09514885274171829,0.7111098556518555,0.9644,0.845,0.9641775973564826,0.8460082834825566,0.11940000000000006
0.25,49,0.12023596029281616,0.7686785764694214,0.9544,0.82,0.9548616420407139,0.8175737413904942,0.13440000000000007
0.25,50,0.10973593647480011,0.7554346895217896,0.956,0.832,0.9559427221722334,0.8326113655100466,0.124
0.5,1,0.7206073345184326,0.7722809023857117,0.7338,0.72,0.7243147545343217,0.7136191281771656,0.013800000000000034
0.5,2,0.5893345352172852,0.6488780455589295,0.7668,0.749,0.7552864191682007,0.7382102037800877,0.017800000000000038
0.5,3,0.5503046854019165,0.6410685758590698,0.7898,0.748,0.7862880230443338,0.74371537358305,0.04179999999999995
0.5,4,0.48726323132514954,0.596713849067688,0.8188,0.779,0.8104988692767321,0.7715337861078732,0.03979999999999995
0.5,5,0.45967109365463255,0.5738172197341919,0.8442,0.796,0.844862085959553,0.7972545370416284,0.04819999999999991
0.5,6,0.4484069467544556,0.6010254225730896,0.838,0.781,0.8377048359183314,0.7801687402877323,0.05699999999999994
0.5,7,0.421981209897995,0.5750184698104859,0.845,0.783,0.8444597044940213,0.7827254375832705,0.061999999999999944
0.5,8,0.4040332480430603,0.5458893346786499,0.8484,0.802,0.8430413489420095,0.7938613648684255,0.0464
0.5,9,0.40595925087928775,0.5628617568016052,0.8468,0.804,0.8462544646683197,0.8027387694403745,0.04279999999999995
0.5,10,0.35805509176254274,0.5254949054718018,0.8704,0.819,0.8703844300133958,0.8191230787154001,0.0514
0.5,11,0.3915338442325592,0.5480496244430542,0.855,0.817,0.8534304628137439,0.8155884890804824,0.038000000000000034
0.5,12,0.34835386118888856,0.533817729473114,0.8718,0.818,0.8706738343427446,0.8155967973774818,0.05380000000000007
0.5,13,0.32776601066589356,0.5078895592689514,0.88,0.826,0.877714765652269,0.8223685544320196,0.05400000000000005
0.5,14,0.3349112041473389,0.5280472683906555,0.877,0.822,0.8757299036740116,0.8195146248571831,0.05500000000000005
0.5,15,0.3302489116668701,0.5366359491348267,0.873,0.81,0.869601042752862,0.8042893071903835,0.06299999999999994
0.5,16,0.34267057166099546,0.5580449624061584,0.869,0.816,0.863266867275212,0.807614147475789,0.05300000000000005
0.5,17,0.2921649215221405,0.51691073179245,0.8914,0.827,0.8904963458646311,0.8245635823812654,0.06440000000000001
0.5,18,0.3064326606750488,0.5096034693717957,0.8872,0.826,0.8862859812040094,0.8256708026748095,0.06120000000000003
0.5,19,0.28831398785114287,0.5140787281990051,0.8922,0.828,0.8920056526043206,0.8279808759875417,0.06420000000000003
0.5,20,0.30509062950611116,0.5717956266403198,0.8838,0.823,0.8798820814317901,0.8180168671669549,0.060800000000000076
0.5,21,0.27251803109645845,0.520308346748352,0.899,0.834,0.8987829119309729,0.8338287840429309,0.06500000000000006
0.5,22,0.286047167801857,0.5171417789459228,0.8912,0.832,0.8895413736806944,0.8285239651258951,0.05920000000000003
0.5,23,0.32407562203407286,0.5701755509376526,0.8734,0.807,0.8709936166952735,0.8042579674516286,0.0663999999999999
0.5,24,0.3063420907974243,0.5787376103401184,0.8774,0.816,0.8757945754613911,0.8121087519196036,0.06140000000000001
0.5,25,0.25459694204330446,0.5081472043991089,0.9048,0.834,0.9032332366863984,0.830999012640607,0.07080000000000009
0.5,26,0.25761647486686706,0.539600625038147,0.9044,0.84,0.9044055463243066,0.8400759194896686,0.06440000000000001
0.5,27,0.24541134676933288,0.5248514080047607,0.9018,0.837,0.9009400021811717,0.8352735777780221,0.06480000000000008
0.5,28,0.23572050294876098,0.5211359658241272,0.9112,0.831,0.910963837054774,0.8292102887954202,0.08020000000000005
0.5,29,0.24036291663646697,0.5066140532493592,0.9066,0.836,0.9069100220069337,0.8357355577873566,0.0706
0.5,30,0.2456585372209549,0.5397418918609619,0.9088,0.837,0.9088699967719345,0.8366490638431964,0.07180000000000009
0.5,31,0.2397688419342041,0.5355909366607666,0.9084,0.83,0.906672025317689,0.8244608407012708,0.07840000000000003
0.5,32,0.2267871104001999,0.5317682938575745,0.9122,0.835,0.9113916505495416,0.8330628662272674,0.07720000000000005
0.5,33,0.2135438905954361,0.5071461238861084,0.9178,0.843,0.9180169496261545,0.84411032681308,0.07479999999999998
0.5,34,0.2099784728527069,0.5107304368019104,0.92,0.839,0.9204618936780891,0.8393974777430714,0.08100000000000007
0.5,35,0.2015693395137787,0.5057554388046265,0.9268,0.849,0.9269978139735049,0.8492541658897761,0.07779999999999998
0.5,36,0.19923888955116273,0.5308359866142273,0.9244,0.841,0.9230416502620921,0.8377206189577283,0.08340000000000003
0.5,37,0.196370157122612,0.5567028303146362,0.9204,0.831,0.9193011098031306,0.8275169148236493,0.08940000000000003
0.5,38,0.20862019793987274,0.5189117078781128,0.9196,0.839,0.9203300834574465,0.8406767300370376,0.0806
0.5,39,0.2060498294353485,0.5448940491676331,0.9218,0.845,0.9221464473164362,0.84572186338291,0.07679999999999998
0.5,40,0.20083530416488649,0.5270164074897766,0.9264,0.843,0.9270817309216552,0.8444624514721827,0.08340000000000003
0.5,41,0.19795782647132873,0.5633455724716186,0.924,0.833,0.9228328386922302,0.828814987112637,0.09100000000000008
0.5,42,0.18872625546455382,0.5450536909103394,0.9232,0.847,0.9233190938157048,0.8474679645994856,0.07620000000000005
0.5,43,0.19884378762245178,0.5675965700149536,0.924,0.84,0.9244226536416992,0.839456967103339,0.08400000000000007
0.5,44,0.19762471132278442,0.5520070042610169,0.9218,0.832,0.9212364074289685,0.8280909911681302,0.08979999999999999
0.5,45,0.1766485138654709,0.5611953144073486,0.929,0.84,0.9286875731809309,0.8384210695896066,0.08900000000000008
0.5,46,0.18490363125801088,0.575801347732544,0.929,0.844,0.9288107513742403,0.843547373560062,0.08500000000000008
0.5,47,0.17151910355091096,0.6011124401092529,0.9312,0.83,0.931587531246084,0.8315466820445019,0.10120000000000007
0.5,48,0.17165087304115295,0.5704146585464478,0.9368,0.838,0.937177325409227,0.8384329391052946,0.0988
0.5,49,0.21571426117420198,0.6293966455459594,0.9128,0.822,0.9129049316439675,0.8197012465145697,0.09079999999999999
0.5,50,0.1882778255701065,0.5831283545494079,0.9224,0.835,0.9215066804860704,0.8323445936932184,0.08740000000000003
0.75,1,0.9283112075805664,0.9586736226081848,0.6286,0.626,0.5628046686773851,0.562460302339282,0.0026000000000000467
0.75,2,0.7455431049346923,0.7823985962867737,0.7194,0.711,0.6901135777331293,0.6874398690501087,0.008400000000000074
0.75,3,0.6778849840164185,0.7319969162940979,0.746,0.714,0.7305863737726572,0.7010592675818061,0.03200000000000003
0.75,4,0.614413048839569,0.6800813946723938,0.764,0.735,0.739448582373147,0.7163876042365096,0.029000000000000026
0.75,5,0.5903487624168396,0.6620066080093384,0.7792,0.752,0.7635842603426938,0.7405246358646883,0.027200000000000002
0.75,6,0.5550320164680481,0.6296405839920044,0.7892,0.761,0.7700067063369691,0.7429839414536973,0.028200000000000003
0.75,7,0.5412436246871948,0.6346784386634826,0.7892,0.756,0.7675446791844258,0.7351802222721554,0.03320000000000001
0.75,8,0.5221886694908142,0.6168589515686035,0.8048,0.758,0.7958535539830609,0.7499993060774597,0.04679999999999995
0.75,9,0.506354584312439,0.6003579435348511,0.8092,0.782,0.7919849972715044,0.7624614585769157,0.027200000000000002
0.75,10,0.4951620814800263,0.5960838871002198,0.8122,0.777,0.796213488658794,0.761853760011925,0.03520000000000001
0.75,11,0.47776872973442075,0.5777333250045776,0.8398,0.792,0.8381047272920634,0.7895154755147341,0.047799999999999954
0.75,12,0.47857424001693727,0.6009203295707702,0.8284,0.78,0.8215457974934133,0.7689610355194031,0.0484
0.75,13,0.4568950713634491,0.5795239205360413,0.8408,0.795,0.8365181153357206,0.7889283576710936,0.04579999999999995
0.75,14,0.4722224435806274,0.5914597678184509,0.8312,0.786,0.8261534656845504,0.7773915504248832,0.04520000000000002
0.75,15,0.4500777286052704,0.5844455590248108,0.8398,0.797,0.8318088614607149,0.7842084055259562,0.04279999999999995
0.75,16,0.4348851712226868,0.567842700958252,0.8446,0.802,0.8411312535552284,0.796820833541976,0.04259999999999997
0.75,17,0.43691337819099424,0.5647012896537781,0.8482,0.796,0.8431328754780912,0.78822361072224,0.05219999999999991
0.75,18,0.43696240825653077,0.5732358999252319,0.8412,0.78,0.8410074303340341,0.7791936614903949,0.06119999999999992
0.75,19,0.4147927255153656,0.5698327360153198,0.8512,0.792,0.85022788193209,0.7894130837267318,0.05919999999999992
0.75,20,0.40077717323303225,0.5477761564254761,0.8536,0.807,0.8490769639736339,0.7998999538398449,0.046599999999999975
0.75,21,0.3953615414619446,0.5564616231918335,0.858,0.803,0.8554551815228791,0.7973658937685519,0.05499999999999994
0.75,22,0.39571927146911623,0.5491121182441712,0.8634,0.801,0.86125245077995,0.7973599867077692,0.0623999999999999
0.75,23,0.4062310055732727,0.5602661271095276,0.8502,0.8,0.8466098074092866,0.7934150861690725,0.05019999999999991
0.75,24,0.3895743414878845,0.5583916020393371,0.8536,0.797,0.8495878382663967,0.7897770044172848,0.056599999999999984
0.75,25,0.38236216135025025,0.5460494613647461,0.8662,0.806,0.8652191438273842,0.8038821714996077,0.06019999999999992
0.75,26,0.3716194664478302,0.5400028781890869,0.866,0.822,0.8646463808765574,0.8194754394582351,0.04400000000000004
0.75,27,0.3742669989109039,0.5604004507064819,0.865,0.81,0.8615954025886172,0.8054310635345727,0.05499999999999994
0.75,28,0.3663431941986084,0.5445911602973939,0.8674,0.799,0.8655347000187048,0.7956541673591244,0.0683999999999999
0.75,29,0.36337288761138914,0.5525929379463196,0.8648,0.795,0.8617426247019399,0.7887643046572743,0.06979999999999997
0.75,30,0.3649382677555084,0.5420986113548278,0.8698,0.817,0.869047335042716,0.8151456058128126,0.05280000000000007
0.75,31,0.3666913945674896,0.5473011074066162,0.8706,0.813,0.8686155014981969,0.8089701365559641,0.057600000000000096
0.75,32,0.3566667385101318,0.5525412926673889,0.8718,0.822,0.8714561810590318,0.8215334058307346,0.049800000000000066
0.75,33,0.3495502100467682,0.5481991758346557,0.874,0.812,0.8726829516475032,0.8086142287994796,0.061999999999999944
0.75,34,0.36705528459548953,0.5624586577415467,0.8632,0.814,0.8623280568888715,0.8125077134678061,0.04920000000000002
0.75,35,0.35252529797554016,0.5545708975791931,0.8712,0.813,0.8688261032035779,0.8092593949738056,0.05820000000000003
0.75,36,0.3409653114795685,0.5451043362617493,0.8758,0.822,0.8745015421470667,0.8199096581944272,0.05380000000000007
0.75,37,0.3283185750961304,0.5547669258117676,0.8774,0.818,0.8762658376098507,0.816546330343806,0.05940000000000001
0.75,38,0.3401710060596466,0.5497369484901429,0.8748,0.815,0.8738312845543582,0.8116935036530828,0.059800000000000075
0.75,39,0.33979859714508054,0.5456482725143432,0.8744,0.815,0.8731742648541031,0.813717911166138,0.05940000000000001
0.75,40,0.3314281589984894,0.537177864074707,0.8776,0.81,0.8789354539528137,0.8117426361571791,0.0676
0.75,41,0.32628265643119814,0.5455565738677979,0.8814,0.811,0.8803277586120088,0.8096247424321277,0.07039999999999991
0.75,42,0.3254852747440338,0.5430392894744873,0.8744,0.812,0.8727536784388462,0.808931941489743,0.0623999999999999
0.75,43,0.32002011461257934,0.5354223084449768,0.8826,0.824,0.8820111794424429,0.8222092133444481,0.058600000000000096
0.75,44,0.321024827671051,0.539438530921936,0.8828,0.826,0.8815981703719713,0.823816135028855,0.05680000000000007
0.75,45,0.31346551842689513,0.5431055612564087,0.8802,0.821,0.8793389125088152,0.8204056513519833,0.05920000000000003
0.75,46,0.3053543993473053,0.5244131164550782,0.8858,0.815,0.8852069561212378,0.8137198132900622,0.07080000000000009
0.75,47,0.32119906754493716,0.5447322854995728,0.8822,0.814,0.8814269452392395,0.8134408787222928,0.06820000000000004
0.75,48,0.31657332401275634,0.5361854572296143,0.8876,0.832,0.8875161227963055,0.8319502275131772,0.05559999999999998
0.75,49,0.30165169334411623,0.5304810676574707,0.8882,0.828,0.8876819916179841,0.8273368763270256,0.06020000000000003
0.75,50,0.305705890750885,0.5446150040626526,0.8838,0.816,0.8807924587394224,0.8101057486076364,0.06780000000000008
